Robert Drake,32 Street Place,Reading,mm6 uy8,68548658846
Mack Simmer,379 Old Shore Street,Council Bluffs,51501,(291) 553-0508
Bettyann Seery,750 Wintergreen Dr.,Wasilla,99654,(478) 277-9632
Duane Cullison,9662 Foxrun Lane,Harlingen,78552,(308) 494-0198
Karie Yang,9378 W. Augusta Ave.,West Deptford,8096,(214) 730-0298
Aurore Lipton,762 Wild Rose Street,Saginaw,48601,(377) 507-0974
Zachery Luechtefeld,7 Poplar Dr.,Arvada,80003,(814) 485-2615
Jeremiah Pendergrass,70 Oakwood St.,Zion,60099,(279) 491-0960
Walter Holaway,7556 Arrowhead St.,Cumberland,2864,(446) 396-6785
Wilfred Vise,77 West Surrey Street,Oswego,13126,(834) 727-1001
Maritza Tilton,939 Linda Rd.,Burke,22015,(446) 351-6860
Joleen Tison,87 Queen St.,Drexel Hill,19026,(231) 893-2755
